{
  "airport": {
    "height": 24,
    "pixelRatio": 1,
    "width": 22,
    "x": 377,
    "y": 381
  },
  "aviation": {
    "height": 17,
    "pixelRatio": 1,
    "width": 19,
    "x": 399,
    "y": 381
  },
  "citydot": {
    "height": 11,
    "pixelRatio": 1,
    "width": 11,
    "x": 432,
    "y": 381
  },
  "citydot-open": {
    "height": 14,
    "pixelRatio": 1,
    "width": 14,
    "x": 418,
    "y": 381
  },
  "mini-roundabout": {
    "height": 94,
    "pixelRatio": 1,
    "width": 94,
    "x": 0,
    "y": 256
  },
  "oneway": {
    "height": 28,
    "pixelRatio": 1,
    "width": 54,
    "x": 337,
    "y": 350
  },
  "poi-civic": {
    "height": 9,
    "pixelRatio": 1,
    "width": 9,
    "x": 443,
    "y": 381
  },
  "poi-food": {
    "height": 9,
    "pixelRatio": 1,
    "width": 9,
    "x": 452,
    "y": 381
  },
  "poi-fuel": {
    "height": 9,
    "pixelRatio": 1,
    "width": 9,
    "x": 461,
    "y": 381
  },
  "poi-other": {
    "height": 9,
    "pixelRatio": 1,
    "width": 9,
    "x": 470,
    "y": 381
  },
  "poi-prominent": {
    "height": 9,
    "pixelRatio": 1,
    "width": 9,
    "x": 479,
    "y": 381
  },
  "shield-AU-Metroad": {
    "height": 29,
    "pixelRatio": 1,
    "width": 29,
    "x": 220,
    "y": 350
  },
  "shield-AU-NatlHiwy": {
    "height": 31,
    "pixelRatio": 1,
    "width": 26,
    "x": 430,
    "y": 256
  },
  "shield-AU-NatlRte": {
    "height": 31,
    "pixelRatio": 1,
    "width": 26,
    "x": 456,
    "y": 256
  },
  "shield-AU-StRte": {
    "height": 31,
    "pixelRatio": 1,
    "width": 32,
    "x": 0,
    "y": 350
  },
  "shield-AU-Tourist": {
    "height": 31,
    "pixelRatio": 1,
    "width": 27,
    "x": 32,
    "y": 350
  },
  "shield-CA-TransCanHiwy": {
    "height": 34,
    "pixelRatio": 1,
    "width": 33,
    "x": 323,
    "y": 256
  },
  "shield-DE-Autobahn": {
    "height": 30,
    "pixelRatio": 1,
    "width": 50,
    "x": 170,
    "y": 350
  },
  "shield-IN-NatlHiwy": {
    "height": 26,
    "pixelRatio": 1,
    "width": 27,
    "x": 323,
    "y": 381
  },
  "shield-IN-StateHiwy": {
    "height": 26,
    "pixelRatio": 1,
    "width": 27,
    "x": 350,
    "y": 381
  },
  "shield-IT-Autostrade": {
    "height": 37,
    "pixelRatio": 1,
    "width": 36,
    "x": 198,
    "y": 256
  },
  "shield-JP-NatlHiwy": {
    "height": 29,
    "pixelRatio": 1,
    "width": 29,
    "x": 249,
    "y": 350
  },
  "shield-JP-PrefHiwy": {
    "height": 29,
    "pixelRatio": 1,
    "width": 31,
    "x": 278,
    "y": 350
  },
  "shield-JP-UrbanExpwy": {
    "height": 29,
    "pixelRatio": 1,
    "width": 28,
    "x": 309,
    "y": 350
  },
  "shield-MX-Federal": {
    "height": 43,
    "pixelRatio": 1,
    "width": 32,
    "x": 126,
    "y": 256
  },
  "shield-MX-State": {
    "height": 44,
    "pixelRatio": 1,
    "width": 32,
    "x": 94,
    "y": 256
  },
  "shield-UAE-DRte": {
    "height": 37,
    "pixelRatio": 1,
    "width": 27,
    "x": 234,
    "y": 256
  },
  "shield-UAE-ERte": {
    "height": 37,
    "pixelRatio": 1,
    "width": 27,
    "x": 261,
    "y": 256
  },
  "shield-US-Hwy-1-2": {
    "height": 33,
    "pixelRatio": 1,
    "width": 34,
    "x": 356,
    "y": 256
  },
  "shield-US-Hwy-3": {
    "height": 33,
    "pixelRatio": 1,
    "width": 40,
    "x": 390,
    "y": 256
  },
  "shield-US-Interstate-1-2": {
    "height": 36,
    "pixelRatio": 1,
    "width": 35,
    "x": 288,
    "y": 256
  },
  "shield-US-Interstate-3": {
    "height": 38,
    "pixelRatio": 1,
    "width": 40,
    "x": 158,
    "y": 256
  },
  "shield-oval-white-1-2": {
    "height": 28,
    "pixelRatio": 1,
    "width": 34,
    "x": 391,
    "y": 350
  },
  "shield-oval-white-3": {
    "height": 31,
    "pixelRatio": 1,
    "width": 49,
    "x": 59,
    "y": 350
  },
  "shield-oval-white-4": {
    "height": 31,
    "pixelRatio": 1,
    "width": 62,
    "x": 108,
    "y": 350
  },
  "shield-rectangle-blue": {
    "height": 27,
    "pixelRatio": 1,
    "width": 44,
    "x": 103,
    "y": 381
  },
  "shield-rectangle-green-dark": {
    "height": 27,
    "pixelRatio": 1,
    "width": 44,
    "x": 147,
    "y": 381
  },
  "shield-rectangle-green-light": {
    "height": 27,
    "pixelRatio": 1,
    "width": 44,
    "x": 191,
    "y": 381
  },
  "shield-rectangle-red": {
    "height": 27,
    "pixelRatio": 1,
    "width": 44,
    "x": 235,
    "y": 381
  },
  "shield-rectangle-white": {
    "height": 28,
    "pixelRatio": 1,
    "width": 45,
    "x": 425,
    "y": 350
  },
  "shield-rectangle-white-long": {
    "height": 28,
    "pixelRatio": 1,
    "width": 103,
    "x": 0,
    "y": 381
  },
  "shield-rectangle-yellow": {
    "height": 27,
    "pixelRatio": 1,
    "width": 44,
    "x": 279,
    "y": 381
  },
  "water-blurbase_delivery": {
    "height": 256,
    "pixelRatio": 1,
    "width": 256,
    "x": 0,
    "y": 0
  },
  "water-wavetexture_delivery": {
    "height": 256,
    "pixelRatio": 1,
    "width": 256,
    "x": 256,
    "y": 0
  }
}