<?xml version="1.0" encoding="UTF-8"?>
<metadata xml:lang="en"><Esri><CreaDate>20150705</CreaDate><CreaTime>20390900</CreaTime><ArcGISFormat>1.0</ArcGISFormat><SyncOnce>FALSE</SyncOnce><DataProperties><itemProps><itemName Sync="TRUE">lake_inner_clip</itemName><imsContentType Sync="TRUE">002</imsContentType><itemLocation><linkage Sync="TRUE">file://\\D6520-1215\Users\jadkins\Documents\Projects\Personal\The Noland Trail\PART2\lake_inner_clip.shp</linkage><protocol Sync="TRUE">Local Area Network</protocol></itemLocation><itemSize Sync="TRUE">0.000</itemSize></itemProps><coordRef><type Sync="TRUE">Projected</type><geogcsn Sync="TRUE">GCS_North_American_1983_HARN</geogcsn><csUnits Sync="TRUE">Linear Unit: Foot_US (0.304801)</csUnits><projcsn Sync="TRUE">NAD_1983_HARN_StatePlane_Virginia_South_FIPS_4502_Feet</projcsn><peXml Sync="TRUE">&lt;ProjectedCoordinateSystem xsi:type='typens:ProjectedCoordinateSystem' xmlns:xsi='http://www.w3.org/2001/XMLSchema-instance' xmlns:xs='http://www.w3.org/2001/XMLSchema' xmlns:typens='http://www.esri.com/schemas/ArcGIS/10.3'&gt;&lt;WKT&gt;PROJCS[&amp;quot;NAD_1983_HARN_StatePlane_Virginia_South_FIPS_4502_Feet&amp;quot;,GEOGCS[&amp;quot;GCS_North_American_1983_HARN&amp;quot;,DATUM[&amp;quot;D_North_American_1983_HARN&amp;quot;,SPHEROID[&amp;quot;GRS_1980&amp;quot;,6378137.0,298.257222101]],PRIMEM[&amp;quot;Greenwich&amp;quot;,0.0],UNIT[&amp;quot;Degree&amp;quot;,0.0174532925199433]],PROJECTION[&amp;quot;Lambert_Conformal_Conic&amp;quot;],PARAMETER[&amp;quot;False_Easting&amp;quot;,11482916.66666666],PARAMETER[&amp;quot;False_Northing&amp;quot;,3280833.333333333],PARAMETER[&amp;quot;Central_Meridian&amp;quot;,-78.5],PARAMETER[&amp;quot;Standard_Parallel_1&amp;quot;,36.76666666666667],PARAMETER[&amp;quot;Standard_Parallel_2&amp;quot;,37.96666666666667],PARAMETER[&amp;quot;Latitude_Of_Origin&amp;quot;,36.33333333333334],UNIT[&amp;quot;Foot_US&amp;quot;,0.3048006096012192],AUTHORITY[&amp;quot;EPSG&amp;quot;,2925]]&lt;/WKT&gt;&lt;XOrigin&gt;-111140600&lt;/XOrigin&gt;&lt;YOrigin&gt;-91532100&lt;/YOrigin&gt;&lt;XYScale&gt;36727036.750856541&lt;/XYScale&gt;&lt;ZOrigin&gt;-100000&lt;/ZOrigin&gt;&lt;ZScale&gt;10000&lt;/ZScale&gt;&lt;MOrigin&gt;-100000&lt;/MOrigin&gt;&lt;MScale&gt;10000&lt;/MScale&gt;&lt;XYTolerance&gt;0.0032808333333333331&lt;/XYTolerance&gt;&lt;ZTolerance&gt;0.001&lt;/ZTolerance&gt;&lt;MTolerance&gt;0.001&lt;/MTolerance&gt;&lt;HighPrecision&gt;true&lt;/HighPrecision&gt;&lt;WKID&gt;2925&lt;/WKID&gt;&lt;LatestWKID&gt;2925&lt;/LatestWKID&gt;&lt;/ProjectedCoordinateSystem&gt;</peXml></coordRef><lineage><Process ToolSource="c:\program files (x86)\arcgis\desktop10.1\ArcToolbox\Toolboxes\Analysis Tools.tbx\Buffer" Date="20130217" Time="125005">Buffer "Boundary selection 2" C:\Users\jadkins\Documents\ArcGIS\scratch.gdb\buffer19 "-45 Feet" FULL ROUND ALL #</Process><Process ToolSource="c:\program files (x86)\arcgis\desktop10.1\ArcToolbox\Toolboxes\Data Management Tools.tbx\AddField" Date="20130217" Time="125006">AddField C:\Users\jadkins\Documents\ArcGIS\scratch.gdb\buffer19 distance DOUBLE # # # # NULLABLE NON_REQUIRED #</Process><Process ToolSource="c:\program files (x86)\arcgis\desktop10.1\ArcToolbox\Toolboxes\Data Management Tools.tbx\CalculateField" Date="20130217" Time="125006">CalculateField C:\Users\jadkins\Documents\ArcGIS\scratch.gdb\buffer19 distance -45 PYTHON #</Process><Process ToolSource="c:\program files (x86)\arcgis\desktop10.1\ArcToolbox\Toolboxes\Analysis Tools.tbx\Union" Date="20130217" Time="125123">Union "C:\Users\jadkins\Documents\ArcGIS\scratch.gdb\buffer19 #;C:\Users\jadkins\Documents\ArcGIS\scratch.gdb\buffer20 #;C:\Users\jadkins\Documents\ArcGIS\scratch.gdb\buffer21 #;C:\Users\jadkins\Documents\ArcGIS\scratch.gdb\buffer22 #;C:\Users\jadkins\Documents\ArcGIS\scratch.gdb\buffer23 #;C:\Users\jadkins\Documents\ArcGIS\scratch.gdb\buffer24 #;C:\Users\jadkins\Documents\ArcGIS\scratch.gdb\buffer25 #;C:\Users\jadkins\Documents\ArcGIS\scratch.gdb\buffer26 #;C:\Users\jadkins\Documents\ArcGIS\scratch.gdb\buffer27 #;C:\Users\jadkins\Documents\ArcGIS\scratch.gdb\buffer28 #" C:\Users\jadkins\Documents\ArcGIS\scratch.gdb\union1 ALL # GAPS</Process><Process ToolSource="c:\program files (x86)\arcgis\desktop10.1\ArcToolbox\Toolboxes\Data Management Tools.tbx\CalculateField" Date="20130217" Time="125124">CalculateField C:\Users\jadkins\Documents\ArcGIS\scratch.gdb\union1 distance pullDistance([-45.0, -40.0, -35.0, -30.0, -25.0, -20.0, -15.0, -10.0, -5.0, -1.0], !FID_buffer19!, !FID_buffer20!, !FID_buffer21!, !FID_buffer22!, !FID_buffer23!, !FID_buffer24!, !FID_buffer25!, !FID_buffer26!, !FID_buffer27!, !FID_buffer28!) PYTHON "def pullDistance(distL, *fids):\n                return min([i for i, j in zip(distL, fids) if j != -1])"</Process><Process ToolSource="c:\program files (x86)\arcgis\desktop10.1\ArcToolbox\Toolboxes\Data Management Tools.tbx\Dissolve" Date="20130217" Time="125129">Dissolve C:\Users\jadkins\Documents\ArcGIS\scratch.gdb\union1 C:\Users\jadkins\Documents\ArcGIS\Default.gdb\Boundary_MultipleRingBuffer1 distance # MULTI_PART DISSOLVE_LINES</Process><Process ToolSource="c:\program files (x86)\arcgis\desktop10.1\ArcToolbox\Toolboxes\Analysis Tools.tbx\MultipleRingBuffer" Date="20130217" Time="125135">MultipleRingBuffer "Boundary selection 2" C:\Users\jadkins\Documents\ArcGIS\Default.gdb\Boundary_MultipleRingBuffer1 -45;-40;-35;-30;-25;-20;-15;-10;-5;-1 Feet distance ALL FULL</Process><Process ToolSource="c:\program files (x86)\arcgis\desktop10.1\ArcToolbox\Toolboxes\Analysis Tools.tbx\Buffer" Date="20130428" Time="214044">Buffer surface_water_course_area C:\Users\jadkins\Documents\ArcGIS\scratch.gdb\buffer53 "-200 Feet" FULL ROUND ALL #</Process><Process ToolSource="c:\program files (x86)\arcgis\desktop10.1\ArcToolbox\Toolboxes\Data Management Tools.tbx\AddField" Date="20130428" Time="214045">AddField C:\Users\jadkins\Documents\ArcGIS\scratch.gdb\buffer53 distance DOUBLE # # # # NULLABLE NON_REQUIRED #</Process><Process ToolSource="c:\program files (x86)\arcgis\desktop10.1\ArcToolbox\Toolboxes\Data Management Tools.tbx\CalculateField" Date="20130428" Time="214046">CalculateField C:\Users\jadkins\Documents\ArcGIS\scratch.gdb\buffer53 distance -200 PYTHON #</Process><Process ToolSource="c:\program files (x86)\arcgis\desktop10.1\ArcToolbox\Toolboxes\Analysis Tools.tbx\Union" Date="20130428" Time="214214">Union "C:\Users\jadkins\Documents\ArcGIS\scratch.gdb\buffer53 #;C:\Users\jadkins\Documents\ArcGIS\scratch.gdb\buffer54 #;C:\Users\jadkins\Documents\ArcGIS\scratch.gdb\buffer55 #;C:\Users\jadkins\Documents\ArcGIS\scratch.gdb\buffer56 #;C:\Users\jadkins\Documents\ArcGIS\scratch.gdb\buffer57 #" C:\Users\jadkins\Documents\ArcGIS\scratch.gdb\union5 ALL # GAPS</Process><Process ToolSource="c:\program files (x86)\arcgis\desktop10.1\ArcToolbox\Toolboxes\Data Management Tools.tbx\CalculateField" Date="20130428" Time="214215">CalculateField C:\Users\jadkins\Documents\ArcGIS\scratch.gdb\union5 distance pullDistance([-200.0, -100.0, -50.0, -25.0, -10.0], !FID_buffer53!, !FID_buffer54!, !FID_buffer55!, !FID_buffer56!, !FID_buffer57!) PYTHON "def pullDistance(distL, *fids):\n                return min([i for i, j in zip(distL, fids) if j != -1])"</Process><Process ToolSource="c:\program files (x86)\arcgis\desktop10.1\ArcToolbox\Toolboxes\Data Management Tools.tbx\Dissolve" Date="20130428" Time="214218">Dissolve C:\Users\jadkins\Documents\ArcGIS\scratch.gdb\union5 C:\Projects\Esri\Maps\Noland_Trail\Noland_Trail.gdb\Lake_Inner distance # MULTI_PART DISSOLVE_LINES</Process><Process ToolSource="c:\program files (x86)\arcgis\desktop10.1\ArcToolbox\Toolboxes\Analysis Tools.tbx\MultipleRingBuffer" Date="20130428" Time="214224">MultipleRingBuffer surface_water_course_area C:\Projects\Esri\Maps\Noland_Trail\Noland_Trail.gdb\Lake_Inner -200;-100;-50;-25;-10 Feet distance ALL FULL</Process><Process ToolSource="c:\program files (x86)\arcgis\desktop10.3\ArcToolbox\Toolboxes\Analysis Tools.tbx\Clip" Date="20150528" Time="184721">Clip Lake_Inner "Park Boundary Background" "C:\Users\jadkins\Documents\Projects\Personal\The Noland Trail\PART2\lake_inner_clip.shp" #</Process></lineage></DataProperties><SyncDate>20150528</SyncDate><SyncTime>18471100</SyncTime><ModDate>20150528</ModDate><ModTime>18471100</ModTime><ArcGISstyle>FGDC CSDGM Metadata</ArcGISstyle></Esri><dataIdInfo><envirDesc Sync="TRUE">Microsoft Windows 7 Version 6.1 (Build 7601) Service Pack 1; Esri ArcGIS 10.3.0.4322</envirDesc><dataLang><languageCode value="eng" Sync="TRUE"></languageCode><countryCode value="USA" Sync="TRUE"></countryCode></dataLang><idCitation><resTitle Sync="TRUE">lake_inner_clip</resTitle><presForm><PresFormCd value="005" Sync="TRUE"></PresFormCd></presForm></idCitation><spatRpType><SpatRepTypCd value="001" Sync="TRUE"></SpatRepTypCd></spatRpType></dataIdInfo><mdLang><languageCode value="eng" Sync="TRUE"></languageCode><countryCode value="USA" Sync="TRUE"></countryCode></mdLang><distInfo><distFormat><formatName Sync="TRUE">Shapefile</formatName></distFormat><distTranOps><transSize Sync="TRUE">0.000</transSize></distTranOps></distInfo><mdHrLv><ScopeCd value="005" Sync="TRUE"></ScopeCd></mdHrLv><mdHrLvName Sync="TRUE">dataset</mdHrLvName><refSysInfo><RefSystem><refSysID><identCode code="2925" Sync="TRUE" value="2925"></identCode><idCodeSpace Sync="TRUE">EPSG</idCodeSpace><idVersion Sync="TRUE">8.2.6</idVersion></refSysID></RefSystem></refSysInfo><spatRepInfo><VectSpatRep><geometObjs Name="lake_inner_clip"><geoObjTyp><GeoObjTypCd value="002" Sync="TRUE"></GeoObjTypCd></geoObjTyp><geoObjCnt Sync="TRUE">0</geoObjCnt></geometObjs><topLvl><TopoLevCd value="001" Sync="TRUE"></TopoLevCd></topLvl></VectSpatRep></spatRepInfo><spdoinfo><ptvctinf><esriterm Name="lake_inner_clip"><efeatyp Sync="TRUE">Simple</efeatyp><efeageom code="4" Sync="TRUE"></efeageom><esritopo Sync="TRUE">FALSE</esritopo><efeacnt Sync="TRUE">0</efeacnt><spindex Sync="TRUE">FALSE</spindex><linrefer Sync="TRUE">TRUE</linrefer></esriterm></ptvctinf></spdoinfo><eainfo><detailed Name="lake_inner_clip"><enttyp><enttypl Sync="TRUE">lake_inner_clip</enttypl><enttypt Sync="TRUE">Feature Class</enttypt><enttypc Sync="TRUE">0</enttypc></enttyp><attr><attrlabl Sync="TRUE">FID</attrlabl><attalias Sync="TRUE">FID</attalias><attrtype Sync="TRUE">OID</attrtype><attwidth Sync="TRUE">4</attwidth><atprecis Sync="TRUE">0</atprecis><attscale Sync="TRUE">0</attscale><attrdef Sync="TRUE">Internal feature number.</attrdef><attrdefs Sync="TRUE">Esri</attrdefs><attrdomv><udom Sync="TRUE">Sequential unique whole numbers that are automatically generated.</udom></attrdomv></attr><attr><attrlabl Sync="TRUE">SHAPE</attrlabl><attalias Sync="TRUE">Shape</attalias><attrtype Sync="TRUE">Geometry</attrtype><attwidth Sync="TRUE">0</attwidth><atprecis Sync="TRUE">0</atprecis><attscale Sync="TRUE">0</attscale><attrdef Sync="TRUE">Feature geometry.</attrdef><attrdefs Sync="TRUE">Esri</attrdefs><attrdomv><udom Sync="TRUE">Coordinates defining the features.</udom></attrdomv></attr><attr><attrlabl Sync="TRUE">distance</attrlabl><attalias Sync="TRUE">distance</attalias><attrtype Sync="TRUE">Double</attrtype><attwidth Sync="TRUE">19</attwidth><atprecis Sync="TRUE">0</atprecis><attscale Sync="TRUE">0</attscale></attr><attr><attrlabl Sync="TRUE">SHAPE_Leng</attrlabl><attalias Sync="TRUE">SHAPE_Leng</attalias><attrtype Sync="TRUE">Double</attrtype><attwidth Sync="TRUE">19</attwidth><atprecis Sync="TRUE">0</atprecis><attscale Sync="TRUE">0</attscale></attr><attr><attrlabl Sync="TRUE">SHAPE_Area</attrlabl><attalias Sync="TRUE">SHAPE_Area</attalias><attrtype Sync="TRUE">Double</attrtype><attwidth Sync="TRUE">19</attwidth><atprecis Sync="TRUE">0</atprecis><attscale Sync="TRUE">0</attscale><attrdef Sync="TRUE">Area of feature in internal units squared.</attrdef><attrdefs Sync="TRUE">Esri</attrdefs><attrdomv><udom Sync="TRUE">Positive real numbers that are automatically generated.</udom></attrdomv></attr></detailed></eainfo><mdDateSt Sync="TRUE">20150528</mdDateSt></metadata>
